username,created_at,id
Kenton_Kirlin,2017-02-16 18:22:11,1
Andre_Purdy85,2017-04-02 17:11:21,2
Harley_Lind18,2017-02-21 11:12:33,3
Arely_Bogan63,2016-08-13 01:28:43,4
Aniya_Hackett,2016-12-07 01:04:39,5
Travon.Waters,2017-04-30 13:26:14,6
Kasandra_Homenick,2016-12-12 06:50:08,7
Tabitha_Schamberger11,2016-08-20 02:19:46,8
Gus93,2016-06-24 19:36:31,9
Presley_McClure,2016-08-07 16:25:49,10
Justina.Gaylord27,2017-05-04 16:32:16,11
Dereck65,2017-01-19 01:34:14,12
Alexandro35,2017-03-29 17:09:02,13
Jaclyn81,2017-02-06 23:29:16,14
Billy52,2016-10-05 14:10:20,15
Annalise.McKenzie16,2016-08-02 21:32:46,16
Norbert_Carroll35,2017-02-06 22:05:43,17
Odessa2,2016-10-21 18:16:56,18
Hailee26,2017-04-29 18:53:40,19
Delpha.Kihn,2016-08-31 02:42:30,20
Rocio33,2017-01-23 11:51:15,21
Kenneth64,2016-12-27 09:48:17,22
Eveline95,2017-01-23 23:14:19,23
Maxwell.Halvorson,2017-04-18 02:32:44,24
Tierra.Trantow,2016-10-03 12:49:21,25
Josianne.Friesen,2016-06-07 12:47:01,26
Darwin29,2017-03-18 03:10:07,27
Dario77,2016-08-18 07:15:03,28
Jaime53,2016-09-11 18:51:57,29
Kaley9,2016-09-23 21:24:20,30
Aiyana_Hoeger,2016-09-29 20:28:12,31
Irwin.Larson,2016-08-26 19:36:22,32
Yvette.Gottlieb91,2016-11-14 12:32:01,33
Pearl7,2016-07-08 21:42:01,34
Lennie_Hartmann40,2017-03-30 03:25:22,35
Ollie_Ledner37,2016-08-04 15:42:20,36
Yazmin_Mills95,2016-07-27 00:56:44,37
Jordyn.Jacobson2,2016-05-14 07:56:26,38
Kelsi26,2016-06-08 17:48:08,39
Rafael.Hickle2,2016-05-19 09:51:26,40
Mckenna17,2016-07-17 17:25:45,41
Maya.Farrell,2016-12-11 18:04:45,42
Janet.Armstrong,2016-10-06 07:57:44,43
Seth46,2016-07-07 11:40:27,44
David.Osinski47,2017-02-05 21:23:37,45
Malinda_Streich,2016-07-09 21:37:08,46
Harrison.Beatty50,2016-09-02 03:48:38,47
Granville_Kutch,2016-06-26 03:10:22,48
Morgan.Kassulke,2016-10-30 12:42:31,49
Gerard79,2016-08-23 19:47:44,50
Mariano_Koch3,2017-04-17 14:14:46,51
Zack_Kemmer93,2017-01-01 05:58:22,52
Linnea59,2017-02-07 07:49:34,53
Duane60,2016-12-21 04:43:38,54
Meggie_Doyle,2017-04-04 12:17:34,55
Peter.Stehr0,2016-08-22 18:05:42,56
Julien_Schmidt,2017-02-02 23:12:48,57
Aurelie71,2016-05-31 06:20:57,58
Cesar93,2016-10-18 16:42:43,59
Sam52,2017-03-30 22:03:45,60
Jayson65,2016-10-14 19:10:53,61
Ressie_Stanton46,2016-12-20 15:09:09,62
Elenor88,2016-05-08 01:30:41,63
Florence99,2016-10-06 23:08:31,64
Adelle96,2016-10-01 00:37:57,65
Mike.Auer39,2016-07-01 17:36:15,66
Emilio_Bernier52,2016-05-06 13:04:30,67
Franco_Keebler64,2016-11-13 20:09:27,68
Karley_Bosco,2016-06-24 23:38:52,69
Erick5,2017-04-05 23:44:47,70
Nia_Haag,2016-05-14 15:38:50,71
Kathryn80,2016-10-11 09:01:57,72
Jaylan.Lakin,2016-06-10 23:58:52,73
Hulda.Macejkovic,2017-01-25 17:17:28,74
Leslie67,2016-09-21 05:14:01,75
Janelle.Nikolaus81,2016-07-21 09:26:09,76
Donald.Fritsch,2017-01-07 10:05:41,77
Colten.Harris76,2016-10-10 02:38:53,78
Katarina.Dibbert,2016-11-03 13:14:11,79
Darby_Herzog,2016-05-06 00:14:21,80
Esther.Zulauf61,2017-01-14 17:02:34,81
Aracely.Johnston98,2016-07-25 18:49:10,82
Bartholome.Bernhard,2016-11-06 02:31:23,83
Alysa22,2017-01-01 17:44:43,84
Milford_Gleichner42,2017-04-30 07:50:51,85
Delfina_VonRueden68,2017-03-21 12:02:14,86
Rick29,2017-02-24 11:25:08,87
Clint27,2016-06-02 21:40:10,88
Jessyca_West,2016-09-14 23:47:05,89
Esmeralda.Mraz57,2017-03-03 11:52:27,90
Bethany20,2016-06-03 23:31:53,91
Frederik_Rice,2016-07-06 21:56:29,92
Willie_Leuschke,2017-02-15 01:40:53,93
Damon35,2016-10-31 14:44:27,94
Nicole71,2016-05-09 17:30:22,95
Keenan.Schamberger60,2016-08-28 14:57:28,96
Tomas.Beatty93,2017-02-11 11:38:55,97
Imani_Nicolas17,2017-01-31 22:59:34,98
Alek_Watsica,2016-12-10 07:43:58,99
Javonte83,2017-03-27 22:06:37,100
